{"EMPNO":"1234","ENAME":"SEKHAR","JOB":"doctor","MGR":"7777","SAL":"667","COMM":"78","DEPTNO":"80","UPDATED_DATE":"2022-01-03"}
{"EMPNO":"7369","ENAME":"SMITH","JOB":"CLERK","MGR":"7902","HIREDATE":"17-12-1980","SAL":"800","DEPTNO":"20","UPDATED_DATE":"2022-01-01"}
{"EMPNO":"7499","ENAME":"ALLEN","JOB":"SALESMAN","MGR":"7698","HIREDATE":"20-02-1981","SAL":"1600","COMM":"300","DEPTNO":"30","UPDATED_DATE":"2022-01-01"}
{"EMPNO":"7521","ENAME":"WARD","JOB":"SALESMAN","MGR":"7698","HIREDATE":"22-02-1981","SAL":"1250","COMM":"500","DEPTNO":"30","UPDATED_DATE":"2022-01-01"}
{"EMPNO":"7566","ENAME":"JONES","JOB":"MANAGER","MGR":"7839","HIREDATE":"04-02-1981","SAL":"2975","DEPTNO":"20","UPDATED_DATE":"2022-01-05"}
{"EMPNO":"7654","ENAME":"MARTIN","JOB":"SALESMAN","MGR":"7698","HIREDATE":"21-09-1981","SAL":"1250","COMM":"1400","DEPTNO":"30","UPDATED_DATE":"2022-01-03"}
{"EMPNO":"7698","ENAME":"SGR","JOB":"MANAGER","MGR":"7839","HIREDATE":"05-01-1981","SAL":"2850","DEPTNO":"30","UPDATED_DATE":"2022-01-04"}
{"EMPNO":"7782","ENAME":"RAVI","JOB":"MANAGER","MGR":"7839","HIREDATE":"06-09-1981","SAL":"2450","DEPTNO":"10","UPDATED_DATE":"2022-01-02"}
{"EMPNO":"7788","ENAME":"SCOTT","JOB":"ANALYST","MGR":"7566","HIREDATE":"19-04-1987","SAL":"3000","DEPTNO":"20","UPDATED_DATE":"2022-01-02"}
{"EMPNO":"7839","ENAME":"KING","JOB":"PRESIDENT","HIREDATE":"01-11-1981","SAL":"5000","DEPTNO":"10","UPDATED_DATE":"2022-01-02"}
{"EMPNO":"7844","ENAME":"TURNER","JOB":"SALESMAN","MGR":"7698","HIREDATE":"09-08-1981","SAL":"1500","COMM":"0","DEPTNO":"30","UPDATED_DATE":"2022-01-02"}
{"EMPNO":"7876","ENAME":"ADAMS","JOB":"CLERK","MGR":"7788","HIREDATE":"23-05-1987","SAL":"1100","DEPTNO":"20","UPDATED_DATE":"2022-01-03"}
{"EMPNO":"7900","ENAME":"JAMES","JOB":"CLERK","MGR":"7698","HIREDATE":"12-03-1981","SAL":"950","DEPTNO":"30","UPDATED_DATE":"2022-01-03"}
{"EMPNO":"7902","ENAME":"FORD","JOB":"ANALYST","MGR":"7566","HIREDATE":"12-03-1981","SAL":"3000","DEPTNO":"20","UPDATED_DATE":"2022-01-03"}
{"EMPNO":"7934","ENAME":"MILLER","JOB":"CLERK","MGR":"7782","HIREDATE":"01-03-1982","SAL":"1300","DEPTNO":"10","UPDATED_DATE":"2022-01-03"}
