<?xml version="1.0" encoding="UTF-8" ?>
<emp>
  <row>
    <EMPNO>7369</EMPNO>
    <ENAME>SMITH</ENAME>
    <JOB>CLERK</JOB>
    <MGR>7902</MGR>
    <HIREDATE>17-12-80</HIREDATE>
    <SAL>800</SAL>
    <COMM/>
    <DEPTNO>20</DEPTNO>
  </row>
  <row>
    <EMPNO>7499</EMPNO>
    <ENAME>ALLEN</ENAME>
    <JOB>SALESMAN</JOB>
    <MGR>7698</MGR>
    <HIREDATE>20-02-81</HIREDATE>
    <SAL>1600</SAL>
    <COMM>300</COMM>
    <DEPTNO>30</DEPTNO>
  </row>
  <row>
    <EMPNO>7521</EMPNO>
    <ENAME>WARD</ENAME>
    <JOB>SALESMAN</JOB>
    <MGR>7698</MGR>
    <HIREDATE>22-02-81</HIREDATE>
    <SAL>1250</SAL>
    <COMM>500</COMM>
    <DEPTNO>30</DEPTNO>
  </row>
  <row>
    <EMPNO>7566</EMPNO>
    <ENAME>JONES</ENAME>
    <JOB>MANAGER</JOB>
    <MGR>7839</MGR>
    <HIREDATE>02-04-81</HIREDATE>
    <SAL>2975</SAL>
    <COMM/>
    <DEPTNO>20</DEPTNO>
  </row>
  <row>
    <EMPNO>7654</EMPNO>
    <ENAME>MARTIN</ENAME>
    <JOB>SALESMAN</JOB>
    <MGR>7698</MGR>
    <HIREDATE>28-09-81</HIREDATE>
    <SAL>1250</SAL>
    <COMM>1400</COMM>
    <DEPTNO>30</DEPTNO>
  </row>
  <row>
    <EMPNO>7698</EMPNO>
    <ENAME>SGR</ENAME>
    <JOB>MANAGER</JOB>
    <MGR>7839</MGR>
    <HIREDATE>01-05-81</HIREDATE>
    <SAL>2850</SAL>
    <COMM/>
    <DEPTNO>30</DEPTNO>
  </row>
  <row>
    <EMPNO>7782</EMPNO>
    <ENAME>RAVI</ENAME>
    <JOB>MANAGER</JOB>
    <MGR>7839</MGR>
    <HIREDATE>09-06-81</HIREDATE>
    <SAL>2450</SAL>
    <COMM/>
    <DEPTNO>10</DEPTNO>
  </row>
  <row>
    <EMPNO>7788</EMPNO>
    <ENAME>SCOTT</ENAME>
    <JOB>ANALYST</JOB>
    <MGR>7566</MGR>
    <HIREDATE>19-04-87</HIREDATE>
    <SAL>3000</SAL>
    <COMM/>
    <DEPTNO>20</DEPTNO>
  </row>
  <row>
    <EMPNO>7839</EMPNO>
    <ENAME>KING</ENAME>
    <JOB>PRESIDENT</JOB>
    <MGR/>
    <HIREDATE>17-11-81</HIREDATE>
    <SAL>5000</SAL>
    <COMM/>
    <DEPTNO>10</DEPTNO>
  </row>
  <row>
    <EMPNO>7844</EMPNO>
    <ENAME>TURNER</ENAME>
    <JOB>SALESMAN</JOB>
    <MGR>7698</MGR>
    <HIREDATE>08-09-81</HIREDATE>
    <SAL>1500</SAL>
    <COMM>0</COMM>
    <DEPTNO>30</DEPTNO>
  </row>
  <row>
    <EMPNO>7876</EMPNO>
    <ENAME>ADAMS</ENAME>
    <JOB>CLERK</JOB>
    <MGR>7788</MGR>
    <HIREDATE>23-05-87</HIREDATE>
    <SAL>1100</SAL>
    <COMM/>
    <DEPTNO>20</DEPTNO>
  </row>
  <row>
    <EMPNO>7900</EMPNO>
    <ENAME>JAMES</ENAME>
    <JOB>CLERK</JOB>
    <MGR>7698</MGR>
    <HIREDATE>03-12-81</HIREDATE>
    <SAL>950</SAL>
    <COMM/>
    <DEPTNO>30</DEPTNO>
  </row>
  <row>
    <EMPNO>7902</EMPNO>
    <ENAME>FORD</ENAME>
    <JOB>ANALYST</JOB>
    <MGR>7566</MGR>
    <HIREDATE>03-12-81</HIREDATE>
    <SAL>3000</SAL>
    <COMM/>
    <DEPTNO>20</DEPTNO>
  </row>
  <row>
    <EMPNO>7934</EMPNO>
    <ENAME>MILLER</ENAME>
    <JOB>CLERK</JOB>
    <MGR>7782</MGR>
    <HIREDATE>23-01-82</HIREDATE>
    <SAL>1300</SAL>
    <COMM/>
    <DEPTNO>10</DEPTNO>
  </row>
  <row>
    <EMPNO>1234</EMPNO>
    <ENAME>SEKHAR</ENAME>
    <JOB>doctor</JOB>
    <MGR>7777</MGR>
    <HIREDATE></HIREDATE>
    <SAL>667</SAL>
    <COMM>78</COMM>
    <DEPTNO>80</DEPTNO>
  </row>
</emp>