EMPNO,ENAME,JOB,MGR,HIREDATE,SAL,COMM,DEPTNO,UPDATED_DATE
7369,SMITH,CLERK,7902,17-12-1980,800,null,20,2022-01-01
7499,ALLEN,SALESMAN,7698,20-02-1981,1600,300,30,2022-01-01
7521,WARD,SALESMAN,7698,22-02-1981,1250,500,30,2022-01-01
7566,JONES,MANAGER,7839,04-02-1981,2975,null,20,2022-01-05
7654,MARTIN,SALESMAN,7698,21-09-1981,1250,1400,30,2022-01-03
7698,SGR,MANAGER,7839,05-01-1981,2850,null,30,2022-01-04
7782,RAVI,MANAGER,7839,06-09-1981,2450,null,10,2022-01-02
7788,SCOTT,ANALYST,7566,19-04-1987,3000,null,20,2022-01-02
7839,KING,PRESIDENT,null,01-11-1981,5000,null,10,2022-01-02
7844,TURNER,SALESMAN,7698,09-08-1981,1500,0,30,2022-01-02
7876,ADAMS,CLERK,7788,23-05-1987,1100,null,20,2022-01-03
7900,JAMES,CLERK,7698,12-03-1981,950,null,30,2022-01-03
7902,FORD,ANALYST,7566,12-03-1981,3000,null,20,2022-01-03
7934,MILLER,CLERK,7782,01-03-1982,1300,null,10,2022-01-03
1234,SEKHAR,doctor,7777,null,667,78,80,2022-01-03
7369,SMITH,CLERK,7902,17-12-1980,800,null,20,2022-01-04
7499,ALLEN,SALESMAN,7698,20-02-1981,1600,300,30,2022-01-04
7521,WARD,SALESMAN,7698,22-02-1981,1250,500,30,2022-01-04
7566,JONES,MANAGER,7839,04-02-1981,2975,null,20,2022-01-04
7654,MARTIN,SALESMAN,7698,21-09-1981,1250,1400,30,2022-01-05
7698,SGR,MANAGER,7839,05-01-1981,2850,null,30,2022-01-05
7782,RAVI,MANAGER,7839,06-09-1981,2450,null,10,2022-01-05
7788,SCOTT,ANALYST,7566,19-04-1987,3000,null,20,2022-01-06
7839,KING,PRESIDENT,null,01-11-1981,5000,null,10,2022-01-06
7844,TURNER,SALESMAN,7698,09-08-1981,1500,0,30,2022-01-06
7876,ADAMS,CLERK,7788,23-05-1987,1100,null,20,2022-01-06
7900,JAMES,CLERK,7698,12-03-1981,950,null,30,2022-01-07
7902,FORD,ANALYST,7566,12-03-1981,3000,null,20,2022-01-07
7934,MILLER,CLERK,7782,01-03-1982,1300,null,10,2022-01-07
1234,RAM,CLERK,7457,null,494,588,80,2022-01-07
null,null,null,null,null,null,null,null,null
null,null,null,null,null,null,null,null,null
null,null,null,null,null,null,null,null,null
