{
  "name":"MSFT","location":"Redmond", "satellites": ["Bay Area", "Shanghai"],
  "goods": {
    "trade":true, "customers":["government", "distributer", "retail"],
    "orders":[
        {"orderId":1,"orderTotal":123.34,"shipped":{"orderItems":[{"itemName":"Laptop","itemQty":20},{"itemName":"Charger","itemQty":2}]}},
        {"orderId":2,"orderTotal":323.34,"shipped":{"orderItems":[{"itemName":"Mice","itemQty":2},{"itemName":"Keyboard","itemQty":1}]}}
    ]}}
{"name":"Company1","location":"Seattle", "satellites": ["New York"],
  "goods":{"trade":false, "customers":["store1", "store2"],
  "orders":[
      {"orderId":4,"orderTotal":123.34,"shipped":{"orderItems":[{"itemName":"Laptop","itemQty":20},{"itemName":"Charger","itemQty":3}]}},
      {"orderId":5,"orderTotal":343.24,"shipped":{"orderItems":[{"itemName":"Chair","itemQty":4},{"itemName":"Lamp","itemQty":2}]}}
    ]}}
{"name": "Company2", "location": "Bellevue",
  "goods": {"trade": true, "customers":["Bank"], "orders": [{"orderId": 4, "orderTotal": 123.34}]}}
{"name": "Company3", "location": "Kirkland"}