{
	"name": "trigger1",
	"properties": {
		"annotations": [],
		"runtimeState": "Stopped",
		"pipelines": [
			{
				"pipelineReference": {
					"referenceName": "pl_onprem_to_azure_dataprocess",
					"type": "PipelineReference"
				}
			}
		],
		"type": "ScheduleTrigger",
		"typeProperties": {
			"recurrence": {
				"frequency": "Day",
				"interval": 1,
				"startTime": "2021-07-28T04:16:00",
				"endTime": "2021-07-31T04:16:00",
				"timeZone": "India Standard Time",
				"schedule": {
					"minutes": [
						50
					],
					"hours": [
						9
					]
				}
			}
		}
	}
}