{
	"name": "DestinationDataset_qsl",
	"properties": {
		"linkedServiceName": {
			"referenceName": "AzureDataLakeStorageGen2_LS",
			"type": "LinkedServiceReference"
		},
		"annotations": [],
		"type": "DelimitedText",
		"typeProperties": {
			"location": {
				"type": "AzureBlobFSLocation",
				"fileName": "targetdata",
				"folderPath": "targetdata",
				"fileSystem": "container2"
			},
			"columnDelimiter": ",",
			"escapeChar": "\\",
			"quoteChar": "\""
		},
		"schema": []
	},
	"type": "Microsoft.DataFactory/factories/datasets"
}