{
	"name": "ds_adlsgen2_emp_csv_target",
	"properties": {
		"linkedServiceName": {
			"referenceName": "ls_adlsgen2_sales",
			"type": "LinkedServiceReference"
		},
		"annotations": [],
		"type": "DelimitedText",
		"typeProperties": {
			"location": {
				"type": "AzureBlobFSLocation",
				"folderPath": "staging",
				"fileSystem": "sales"
			},
			"columnDelimiter": "|",
			"escapeChar": "\\",
			"firstRowAsHeader": true,
			"quoteChar": "\""
		},
		"schema": []
	},
	"type": "Microsoft.DataFactory/factories/datasets"
}