{
	"name": "DS_ADLS_UNPIVOT_SRC",
	"properties": {
		"linkedServiceName": {
			"referenceName": "LS_ADLS_GEN1_SRC",
			"type": "LinkedServiceReference"
		},
		"annotations": [],
		"type": "DelimitedText",
		"typeProperties": {
			"location": {
				"type": "AzureDataLakeStoreLocation",
				"fileName": "unpivot.csv",
				"folderPath": "source"
			},
			"columnDelimiter": ",",
			"escapeChar": "\\",
			"firstRowAsHeader": true,
			"quoteChar": "\""
		},
		"schema": [
			{
				"name": "order_number",
				"type": "String"
			},
			{
				"name": "customer",
				"type": "String"
			},
			{
				"name": "apple",
				"type": "String"
			},
			{
				"name": "banana",
				"type": "String"
			}
		]
	},
	"type": "Microsoft.DataFactory/factories/datasets"
}