{
	"name": "DS_ADLS_JSON_SRC",
	"properties": {
		"linkedServiceName": {
			"referenceName": "LS_ADLS_GEN1_SRC",
			"type": "LinkedServiceReference"
		},
		"annotations": [],
		"type": "Json",
		"typeProperties": {
			"location": {
				"type": "AzureDataLakeStoreLocation",
				"fileName": "sample_json.json",
				"folderPath": "source"
			}
		},
		"schema": {
			"type": "object",
			"properties": {
				"name": {
					"type": "string"
				},
				"location": {
					"type": "string"
				},
				"satellites": {
					"type": "array",
					"items": {
						"type": "string"
					}
				},
				"goods": {
					"type": "object",
					"properties": {
						"trade": {
							"type": "boolean"
						},
						"customers": {
							"type": "array",
							"items": {
								"type": "string"
							}
						},
						"orders": {
							"type": "array",
							"items": {
								"type": "object",
								"properties": {
									"orderId": {
										"type": "integer"
									},
									"orderTotal": {
										"type": "number"
									},
									"shipped": {
										"type": "object",
										"properties": {
											"orderItems": {
												"type": "array",
												"items": {
													"type": "object",
													"properties": {
														"itemName": {
															"type": "string"
														},
														"itemQty": {
															"type": "integer"
														}
													}
												}
											}
										}
									}
								}
							}
						}
					}
				}
			}
		}
	},
	"type": "Microsoft.DataFactory/factories/datasets"
}