{
	"name": "DS_ADLS_EMP_UNION",
	"properties": {
		"linkedServiceName": {
			"referenceName": "LS_ADLS_SRC",
			"type": "LinkedServiceReference"
		},
		"annotations": [],
		"type": "DelimitedText",
		"typeProperties": {
			"location": {
				"type": "AzureDataLakeStoreLocation",
				"fileName": "emp_union.csv",
				"folderPath": "source_data"
			},
			"columnDelimiter": ",",
			"escapeChar": "\\",
			"firstRowAsHeader": true,
			"quoteChar": "\""
		},
		"schema": [
			{
				"name": "EMPNO",
				"type": "String"
			},
			{
				"name": "ENAME",
				"type": "String"
			},
			{
				"name": "JOB",
				"type": "String"
			},
			{
				"name": "MGR",
				"type": "String"
			},
			{
				"name": "HIREDATE",
				"type": "String"
			},
			{
				"name": "SAL",
				"type": "String"
			},
			{
				"name": "COMM",
				"type": "String"
			},
			{
				"name": "DEPTNO",
				"type": "String"
			}
		]
	},
	"type": "Microsoft.DataFactory/factories/datasets"
}