{
	"name": "ds_adlsgen2_sales_data",
	"properties": {
		"linkedServiceName": {
			"referenceName": "ls_adlsgen2_sales",
			"type": "LinkedServiceReference"
		},
		"parameters": {
			"folder_name": {
				"type": "string"
			}
		},
		"annotations": [],
		"type": "DelimitedText",
		"typeProperties": {
			"location": {
				"type": "AzureBlobFSLocation",
				"folderPath": {
					"value": "@concat('landing/sales/',dataset().folder_name)",
					"type": "Expression"
				},
				"fileSystem": "sales"
			},
			"columnDelimiter": ",",
			"escapeChar": "\\",
			"quoteChar": "\""
		},
		"schema": [
			{
				"type": "String"
			},
			{
				"type": "String"
			},
			{
				"type": "String"
			},
			{
				"type": "String"
			},
			{
				"type": "String"
			},
			{
				"type": "String"
			}
		]
	},
	"type": "Microsoft.DataFactory/factories/datasets"
}