{
	"name": "ds_adlsgen1_dept_source",
	"properties": {
		"linkedServiceName": {
			"referenceName": "ls_adlsgen1_target",
			"type": "LinkedServiceReference"
		},
		"annotations": [],
		"type": "DelimitedText",
		"typeProperties": {
			"location": {
				"type": "AzureDataLakeStoreLocation",
				"fileName": "dept.csv",
				"folderPath": "landing/dataflowdata"
			},
			"columnDelimiter": ",",
			"escapeChar": "\\",
			"firstRowAsHeader": true,
			"quoteChar": "\""
		},
		"schema": [
			{
				"name": "Deptno",
				"type": "String"
			},
			{
				"name": "Dname",
				"type": "String"
			},
			{
				"name": "Loc",
				"type": "String"
			}
		]
	},
	"type": "Microsoft.DataFactory/factories/datasets"
}