{
	"name": "ds_adlsgen2_emp_tgt",
	"properties": {
		"linkedServiceName": {
			"referenceName": "ls_adlsgen2",
			"type": "LinkedServiceReference"
		},
		"folder": {
			"name": "other_datasets"
		},
		"annotations": [],
		"type": "DelimitedText",
		"typeProperties": {
			"location": {
				"type": "AzureBlobFSLocation",
				"fileName": {
					"value": "@concat('EMP_',utcnow(),'.csv')",
					"type": "Expression"
				},
				"folderPath": "landing/oracle/emp",
				"fileSystem": "sales"
			},
			"columnDelimiter": "|",
			"escapeChar": "\\",
			"firstRowAsHeader": true,
			"nullValue": {
				"value": "0",
				"type": "Expression"
			},
			"quoteChar": "\""
		},
		"schema": []
	},
	"type": "Microsoft.DataFactory/factories/datasets"
}