{
	"name": "ds_adlsgen1_dept_csv",
	"properties": {
		"linkedServiceName": {
			"referenceName": "ls_adlsgen1",
			"type": "LinkedServiceReference"
		},
		"folder": {
			"name": "other_datasets"
		},
		"annotations": [],
		"type": "DelimitedText",
		"typeProperties": {
			"location": {
				"type": "AzureDataLakeStoreLocation",
				"fileName": "dept.csv"
			},
			"columnDelimiter": ",",
			"escapeChar": "\\",
			"firstRowAsHeader": true,
			"quoteChar": "\""
		},
		"schema": [
			{
				"type": "String"
			},
			{
				"type": "String"
			},
			{
				"type": "String"
			}
		]
	},
	"type": "Microsoft.DataFactory/factories/datasets"
}