{
	"name": "ds_azuresql_table",
	"properties": {
		"linkedServiceName": {
			"referenceName": "ls_azuresql",
			"type": "LinkedServiceReference"
		},
		"parameters": {
			"schema_name": {
				"type": "string"
			},
			"table_name": {
				"type": "string"
			}
		},
		"folder": {
			"name": "other_datasets"
		},
		"annotations": [],
		"type": "AzureSqlTable",
		"schema": [
			{
				"name": "CustomerID",
				"type": "int",
				"precision": 10
			},
			{
				"name": "NameStyle",
				"type": "bit"
			},
			{
				"name": "Title",
				"type": "nvarchar"
			},
			{
				"name": "FirstName",
				"type": "nvarchar"
			},
			{
				"name": "MiddleName",
				"type": "nvarchar"
			},
			{
				"name": "LastName",
				"type": "nvarchar"
			},
			{
				"name": "Suffix",
				"type": "nvarchar"
			},
			{
				"name": "CompanyName",
				"type": "nvarchar"
			},
			{
				"name": "SalesPerson",
				"type": "nvarchar"
			},
			{
				"name": "EmailAddress",
				"type": "nvarchar"
			},
			{
				"name": "Phone",
				"type": "nvarchar"
			},
			{
				"name": "PasswordHash",
				"type": "varchar"
			},
			{
				"name": "PasswordSalt",
				"type": "varchar"
			},
			{
				"name": "rowguid",
				"type": "uniqueidentifier"
			},
			{
				"name": "ModifiedDate",
				"type": "datetime",
				"precision": 23,
				"scale": 3
			}
		],
		"typeProperties": {
			"schema": {
				"value": "@dataset().schema_name",
				"type": "Expression"
			},
			"table": {
				"value": "@dataset().table_name",
				"type": "Expression"
			}
		}
	},
	"type": "Microsoft.DataFactory/factories/datasets"
}