{
	"name": "ds_adlsgen2_emp_csv_source",
	"properties": {
		"linkedServiceName": {
			"referenceName": "ls_adlsgen2_sales_target",
			"type": "LinkedServiceReference"
		},
		"folder": {
			"name": "customers"
		},
		"annotations": [],
		"type": "DelimitedText",
		"typeProperties": {
			"location": {
				"type": "AzureBlobFSLocation",
				"folderPath": "staging",
				"fileSystem": "salescontainer"
			},
			"columnDelimiter": ",",
			"escapeChar": "\\",
			"firstRowAsHeader": true,
			"quoteChar": "\""
		},
		"schema": [
			{
				"name": "EMPNO",
				"type": "String"
			},
			{
				"name": "ENAME",
				"type": "String"
			},
			{
				"name": "JOB",
				"type": "String"
			},
			{
				"name": "MGR",
				"type": "String"
			},
			{
				"name": "HIREDATE",
				"type": "String"
			},
			{
				"name": "SAL",
				"type": "String"
			},
			{
				"name": "COMM",
				"type": "String"
			},
			{
				"name": "DEPTNO",
				"type": "String"
			}
		]
	},
	"type": "Microsoft.DataFactory/factories/datasets"
}