{
	"name": "ds_adlsgen2_window_csv_source",
	"properties": {
		"linkedServiceName": {
			"referenceName": "ls_adlsgen2_sales_target",
			"type": "LinkedServiceReference"
		},
		"folder": {
			"name": "customers"
		},
		"annotations": [],
		"type": "DelimitedText",
		"typeProperties": {
			"location": {
				"type": "AzureBlobFSLocation",
				"fileName": "window_functions.csv",
				"folderPath": "landing/window_data",
				"fileSystem": "salescontainer"
			},
			"columnDelimiter": ",",
			"escapeChar": "\\",
			"firstRowAsHeader": true,
			"quoteChar": "\""
		},
		"schema": [
			{
				"name": "name",
				"type": "String"
			},
			{
				"name": "date",
				"type": "String"
			},
			{
				"name": "product",
				"type": "String"
			},
			{
				"name": "price ",
				"type": "String"
			}
		]
	},
	"type": "Microsoft.DataFactory/factories/datasets"
}