{
	"name": "DS_ABLS_TGT_EMP_FILE",
	"properties": {
		"linkedServiceName": {
			"referenceName": "LS_ABLS_GEN2_TGT_FILE",
			"type": "LinkedServiceReference"
		},
		"annotations": [],
		"type": "DelimitedText",
		"typeProperties": {
			"location": {
				"type": "AzureBlobFSLocation",
				"folderPath": "emp_data",
				"fileSystem": "target"
			},
			"columnDelimiter": ",",
			"escapeChar": "\\",
			"firstRowAsHeader": true,
			"quoteChar": "\""
		},
		"schema": []
	},
	"type": "Microsoft.DataFactory/factories/datasets"
}