{
	"name": "ds_adlsgen2_sales_source",
	"properties": {
		"linkedServiceName": {
			"referenceName": "ls_adlsgen2_sales",
			"type": "LinkedServiceReference"
		},
		"parameters": {
			"folder_name": {
				"type": "string"
			},
			"file_name": {
				"type": "string"
			}
		},
		"annotations": [],
		"type": "DelimitedText",
		"typeProperties": {
			"location": {
				"type": "AzureBlobFSLocation",
				"fileName": {
					"value": "@dataset().file_name",
					"type": "Expression"
				},
				"folderPath": {
					"value": "@concat('landing/sales/',dataset().folder_name)",
					"type": "Expression"
				},
				"fileSystem": "sales"
			},
			"columnDelimiter": ",",
			"escapeChar": "\\",
			"firstRowAsHeader": true,
			"quoteChar": "\""
		},
		"schema": []
	},
	"type": "Microsoft.DataFactory/factories/datasets"
}