{
	"name": "DS_LOCATION_SRC_FILE",
	"properties": {
		"linkedServiceName": {
			"referenceName": "LS_ADLS_GEN1_SRC",
			"type": "LinkedServiceReference"
		},
		"annotations": [],
		"type": "DelimitedText",
		"typeProperties": {
			"location": {
				"type": "AzureDataLakeStoreLocation",
				"fileName": "location.csv",
				"folderPath": "source"
			},
			"columnDelimiter": ",",
			"escapeChar": "\\",
			"firstRowAsHeader": true,
			"quoteChar": ""
		},
		"schema": [
			{
				"name": "loc_id",
				"type": "String"
			},
			{
				"name": "loc",
				"type": "String"
			}
		]
	},
	"type": "Microsoft.DataFactory/factories/datasets"
}