{
	"name": "DS_ONPREM_EMP_FILE",
	"properties": {
		"linkedServiceName": {
			"referenceName": "LS_ONPREM_FILESYSTEM_SRC",
			"type": "LinkedServiceReference"
		},
		"annotations": [],
		"type": "DelimitedText",
		"typeProperties": {
			"location": {
				"type": "FileServerLocation",
				"fileName": "emp.csv"
			},
			"columnDelimiter": ",",
			"escapeChar": "\\",
			"firstRowAsHeader": true,
			"quoteChar": "\""
		},
		"schema": [
			{
				"name": "EMPNO",
				"type": "String"
			},
			{
				"name": "ENAME",
				"type": "String"
			},
			{
				"name": "JOB",
				"type": "String"
			},
			{
				"name": "MGR",
				"type": "String"
			},
			{
				"name": "HIREDATE",
				"type": "String"
			},
			{
				"name": "SAL",
				"type": "String"
			},
			{
				"name": "COMM",
				"type": "String"
			},
			{
				"name": "DEPTNO",
				"type": "String"
			}
		]
	},
	"type": "Microsoft.DataFactory/factories/datasets"
}