{
	"name": "ds_onprem_binary_source",
	"properties": {
		"linkedServiceName": {
			"referenceName": "ls_onprem_fileserver",
			"type": "LinkedServiceReference"
		},
		"parameters": {
			"folder_name": {
				"type": "string"
			},
			"file_name": {
				"type": "string"
			}
		},
		"annotations": [],
		"type": "Binary",
		"typeProperties": {
			"location": {
				"type": "FileServerLocation",
				"fileName": {
					"value": "@dataset().file_name",
					"type": "Expression"
				},
				"folderPath": {
					"value": "@dataset().folder_name",
					"type": "Expression"
				}
			}
		}
	},
	"type": "Microsoft.DataFactory/factories/datasets"
}