{
	"name": "ds_onprem_dynamic_folder",
	"properties": {
		"linkedServiceName": {
			"referenceName": "ls_onprem_files",
			"type": "LinkedServiceReference"
		},
		"parameters": {
			"folder_name": {
				"type": "string"
			}
		},
		"folder": {
			"name": "sales_load"
		},
		"annotations": [],
		"type": "DelimitedText",
		"typeProperties": {
			"location": {
				"type": "FileServerLocation",
				"folderPath": {
					"value": "@dataset().folder_name",
					"type": "Expression"
				}
			},
			"columnDelimiter": ",",
			"escapeChar": "\\",
			"quoteChar": "\""
		},
		"schema": []
	},
	"type": "Microsoft.DataFactory/factories/datasets"
}