{
	"name": "SourceDataset_qsl",
	"properties": {
		"linkedServiceName": {
			"referenceName": "AzureDataLakeStorageGen2_LS",
			"type": "LinkedServiceReference"
		},
		"annotations": [],
		"type": "Excel",
		"typeProperties": {
			"sheetName": "emp",
			"location": {
				"type": "AzureBlobFSLocation",
				"fileName": "emp.xlsx",
				"folderPath": "sourcedata",
				"fileSystem": "storagecontainer"
			},
			"firstRowAsHeader": true
		},
		"schema": [
			{
				"name": "EMPNO",
				"type": "String"
			},
			{
				"name": "ENAME",
				"type": "String"
			},
			{
				"name": "JOB",
				"type": "String"
			},
			{
				"name": "MGR",
				"type": "String"
			},
			{
				"name": "HIREDATE",
				"type": "String"
			},
			{
				"name": "SAL",
				"type": "String"
			},
			{
				"name": "COMM",
				"type": "String"
			},
			{
				"name": "DEPTNO",
				"type": "String"
			}
		]
	},
	"type": "Microsoft.DataFactory/factories/datasets"
}