{
	"name": "SRC_EMP_CSV_DS",
	"properties": {
		"linkedServiceName": {
			"referenceName": "ADLS_GEN1_LS",
			"type": "LinkedServiceReference"
		},
		"annotations": [],
		"type": "DelimitedText",
		"typeProperties": {
			"location": {
				"type": "AzureDataLakeStoreLocation",
				"fileName": "emp.csv",
				"folderPath": "source"
			},
			"columnDelimiter": ",",
			"escapeChar": "\\",
			"firstRowAsHeader": true,
			"quoteChar": "\""
		},
		"schema": [
			{
				"name": "EMPNO",
				"type": "String"
			},
			{
				"name": "ENAME",
				"type": "String"
			},
			{
				"name": "JOB",
				"type": "String"
			},
			{
				"name": "MGR",
				"type": "String"
			},
			{
				"name": "HIREDATE",
				"type": "String"
			},
			{
				"name": "SAL",
				"type": "String"
			},
			{
				"name": "COMM",
				"type": "String"
			},
			{
				"name": "DEPTNO",
				"type": "String"
			}
		]
	}
}